,accuracy,filter,std err,subject
0,0.53125,sg,0.033987261269061216,ff006
1,0.6125,dt,0.02265817417937413,ff006
2,0.51875,zs,0.03398726126906121,ff006
