,accuracy,filter,std err,subject
0,0.83125,sg,0.02824873574920781,ff001
1,0.8187500000000001,dt,0.026621520564063517,ff001
2,0.75,zs,0.018898223650461368,ff001
