,accuracy,filter,std err,subject
0,0.8,sg,0.043301270189221926,ff003
1,0.80625,dt,0.04057345631250629,ff003
2,0.5812499999999999,zs,0.06610158578171285,ff003
