,accuracy,filter,std err,subject
0,0.65,sg,0.046291004988627565,ff005
1,0.7375,dt,0.051538820320220745,ff005
2,0.63125,zs,0.044257263326406164,ff005
