,accuracy,filter,std err,subject
0,0.5874999999999999,sg,0.051538820320220745,ff004
1,0.64375,dt,0.04475877806962243,ff004
2,0.5625,zs,0.04700873778960066,ff004
