,accuracy,filter,std err,subject
0,0.7124999999999999,sg,0.03503824441133676,ff002
1,0.70625,dt,0.04671102271260117,ff002
2,0.56875,zs,0.03888800310782601,ff002
